file_id,status,error_message
550e8400-e29b-41d4-a716-446655440000,pending,
6ba7b810-9dad-11d1-80b4-00c04fd430c8,pending,
6ba7b811-9dad-11d1-80b4-00c04fd430c8,pending,
6ba7b812-9dad-11d1-80b4-00c04fd430c8,pending,
6ba7b813-9dad-11d1-80b4-00c04fd430c8,pending,
6ba7b814-9dad-11d1-80b4-00c04fd430c8,pending,
6ba7b815-9dad-11d1-80b4-00c04fd430c8,pending,
6ba7b816-9dad-11d1-80b4-00c04fd430c8,pending,
6ba7b817-9dad-11d1-80b4-00c04fd430c8,pending,
6ba7b818-9dad-11d1-80b4-00c04fd430c8,pending,
6ba7b819-9dad-11d1-80b4-00c04fd430c8,pending,
6ba7b81a-9dad-11d1-80b4-00c04fd430c8,pending,
6ba7b81b-9dad-11d1-80b4-00c04fd430c8,pending,
6ba7b81c-9dad-11d1-80b4-00c04fd430c8,pending,
6ba7b81d-9dad-11d1-80b4-00c04fd430c8,pending,
6ba7b81e-9dad-11d1-80b4-00c04fd430c8,pending,
6ba7b81f-9dad-11d1-80b4-00c04fd430c8,pending,
6ba7b820-9dad-11d1-80b4-00c04fd430c8,pending,
6ba7b821-9dad-11d1-80b4-00c04fd430c8,pending,
6ba7b822-9dad-11d1-80b4-00c04fd430c8,pending,
6ba7b823-9dad-11d1-80b4-00c04fd430c8,pending,
6ba7b824-9dad-11d1-80b4-00c04fd430c8,pending,
6ba7b825-9dad-11d1-80b4-00c04fd430c8,pending,
6ba7b826-9dad-11d1-80b4-00c04fd430c8,pending,
6ba7b827-9dad-11d1-80b4-00c04fd430c8,pending,
6ba7b828-9dad-11d1-80b4-00c04fd430c8,pending,
6ba7b829-9dad-11d1-80b4-00c04fd430c8,pending,
6ba7b82a-9dad-11d1-80b4-00c04fd430c8,pending,
6ba7b82b-9dad-11d1-80b4-00c04fd430c8,pending,
6ba7b82c-9dad-11d1-80b4-00c04fd430c8,pending,
6ba7b82d-9dad-11d1-80b4-00c04fd430c8,pending,
6ba7b82e-9dad-11d1-80b4-00c04fd430c8,pending,
6ba7b82f-9dad-11d1-80b4-00c04fd430c8,pending,
6ba7b830-9dad-11d1-80b4-00c04fd430c8,pending,
6ba7b831-9dad-11d1-80b4-00c04fd430c8,pending,
6ba7b832-9dad-11d1-80b4-00c04fd430c8,pending,
6ba7b833-9dad-11d1-80b4-00c04fd430c8,pending,
6ba7b834-9dad-11d1-80b4-00c04fd430c8,pending,
6ba7b835-9dad-11d1-80b4-00c04fd430c8,pending,
6ba7b836-9dad-11d1-80b4-00c04fd430c8,pending,
6ba7b837-9dad-11d1-80b4-00c04fd430c8,pending,
6ba7b838-9dad-11d1-80b4-00c04fd430c8,pending,
6ba7b839-9dad-11d1-80b4-00c04fd430c8,pending,
6ba7b83a-9dad-11d1-80b4-00c04fd430c8,pending,
6ba7b83b-9dad-11d1-80b4-00c04fd430c8,pending,
6ba7b83c-9dad-11d1-80b4-00c04fd430c8,pending,
6ba7b83d-9dad-11d1-80b4-00c04fd430c8,pending,
6ba7b83e-9dad-11d1-80b4-00c04fd430c8,pending,
6ba7b83f-9dad-11d1-80b4-00c04fd430c8,pending,
6ba7b840-9dad-11d1-80b4-00c04fd430c8,pending,
6ba7b841-9dad-11d1-80b4-00c04fd430c8,pending,
6ba7b842-9dad-11d1-80b4-00c04fd430c8,pending,
6ba7b843-9dad-11d1-80b4-00c04fd430c8,pending,
6ba7b844-9dad-11d1-80b4-00c04fd430c8,pending,
6ba7b845-9dad-11d1-80b4-00c04fd430c8,pending,
6ba7b846-9dad-11d1-80b4-00c04fd430c8,pending,
6ba7b847-9dad-11d1-80b4-00c04fd430c8,pending,
6ba7b848-9dad-11d1-80b4-00c04fd430c8,pending,
6ba7b849-9dad-11d1-80b4-00c04fd430c8,pending,
6ba7b84a-9dad-11d1-80b4-00c04fd430c8,pending,
6ba7b84b-9dad-11d1-80b4-00c04fd430c8,pending,
6ba7b84c-9dad-11d1-80b4-00c04fd430c8,pending,
6ba7b84d-9dad-11d1-80b4-00c04fd430c8,pending,
6ba7b84e-9dad-11d1-80b4-00c04fd430c8,pending,
6ba7b84f-9dad-11d1-80b4-00c04fd430c8,pending,
6ba7b850-9dad-11d1-80b4-00c04fd430c8,pending,
6ba7b851-9dad-11d1-80b4-00c04fd430c8,pending,
6ba7b852-9dad-11d1-80b4-00c04fd430c8,pending,
6ba7b853-9dad-11d1-80b4-00c04fd430c8,pending,
6ba7b854-9dad-11d1-80b4-00c04fd430c8,pending,
6ba7b855-9dad-11d1-80b4-00c04fd430c8,pending,
6ba7b856-9dad-11d1-80b4-00c04fd430c8,pending,
6ba7b857-9dad-11d1-80b4-00c04fd430c8,pending,
6ba7b858-9dad-11d1-80b4-00c04fd430c8,pending,
6ba7b859-9dad-11d1-80b4-00c04fd430c8,pending,
6ba7b85a-9dad-11d1-80b4-00c04fd430c8,pending,
6ba7b85b-9dad-11d1-80b4-00c04fd430c8,pending,
6ba7b85c-9dad-11d1-80b4-00c04fd430c8,pending,
6ba7b85d-9dad-11d1-80b4-00c04fd430c8,pending,
6ba7b85e-9dad-11d1-80b4-00c04fd430c8,pending,
6ba7b85f-9dad-11d1-80b4-00c04fd430c8,pending,
6ba7b860-9dad-11d1-80b4-00c04fd430c8,pending,
6ba7b861-9dad-11d1-80b4-00c04fd430c8,pending,
6ba7b862-9dad-11d1-80b4-00c04fd430c8,pending,
6ba7b863-9dad-11d1-80b4-00c04fd430c8,pending,
6ba7b864-9dad-11d1-80b4-00c04fd430c8,pending,
6ba7b865-9dad-11d1-80b4-00c04fd430c8,pending,
6ba7b866-9dad-11d1-80b4-00c04fd430c8,pending,
6ba7b867-9dad-11d1-80b4-00c04fd430c8,pending,
6ba7b868-9dad-11d1-80b4-00c04fd430c8,pending,
6ba7b869-9dad-11d1-80b4-00c04fd430c8,pending,
6ba7b86a-9dad-11d1-80b4-00c04fd430c8,pending,
6ba7b86b-9dad-11d1-80b4-00c04fd430c8,pending,
6ba7b86c-9dad-11d1-80b4-00c04fd430c8,pending,
6ba7b86d-9dad-11d1-80b4-00c04fd430c8,pending,
6ba7b86e-9dad-11d1-80b4-00c04fd430c8,pending,
6ba7b86f-9dad-11d1-80b4-00c04fd430c8,pending,
6ba7b870-9dad-11d1-80b4-00c04fd430c8,pending,
6ba7b871-9dad-11d1-80b4-00c04fd430c8,pending,
6ba7b872-9dad-11d1-80b4-00c04fd430c8,pending,
6ba7b873-9dad-11d1-80b4-00c04fd430c8,pending,
6ba7b874-9dad-11d1-80b4-00c04fd430c8,pending,
6ba7b875-9dad-11d1-80b4-00c04fd430c8,pending,
6ba7b876-9dad-11d1-80b4-00c04fd430c8,pending,
6ba7b877-9dad-11d1-80b4-00c04fd430c8,pending,
6ba7b878-9dad-11d1-80b4-00c04fd430c8,pending,
6ba7b879-9dad-11d1-80b4-00c04fd430c8,pending,
6ba7b87a-9dad-11d1-80b4-00c04fd430c8,pending,
6ba7b87b-9dad-11d1-80b4-00c04fd430c8,pending,
6ba7b87c-9dad-11d1-80b4-00c04fd430c8,pending,
6ba7b87d-9dad-11d1-80b4-00c04fd430c8,pending,
6ba7b87e-9dad-11d1-80b4-00c04fd430c8,pending,
6ba7b87f-9dad-11d1-80b4-00c04fd430c8,pending,
6ba7b880-9dad-11d1-80b4-00c04fd430c8,pending,
6ba7b881-9dad-11d1-80b4-00c04fd430c8,pending,
6ba7b882-9dad-11d1-80b4-00c04fd430c8,pending,
6ba7b883-9dad-11d1-80b4-00c04fd430c8,pending,
6ba7b884-9dad-11d1-80b4-00c04fd430c8,pending,
6ba7b885-9dad-11d1-80b4-00c04fd430c8,pending,
6ba7b886-9dad-11d1-80b4-00c04fd430c8,pending,
6ba7b887-9dad-11d1-80b4-00c04fd430c8,pending,
6ba7b888-9dad-11d1-80b4-00c04fd430c8,pending,
6ba7b889-9dad-11d1-80b4-00c04fd430c8,pending,
6ba7b88a-9dad-11d1-80b4-00c04fd430c8,pending,
6ba7b88b-9dad-11d1-80b4-00c04fd430c8,pending,
6ba7b88c-9dad-11d1-80b4-00c04fd430c8,pending,
6ba7b88d-9dad-11d1-80b4-00c04fd430c8,pending,
6ba7b88e-9dad-11d1-80b4-00c04fd430c8,pending,
6ba7b88f-9dad-11d1-80b4-00c04fd430c8,pending,
6ba7b890-9dad-11d1-80b4-00c04fd430c8,pending,
6ba7b891-9dad-11d1-80b4-00c04fd430c8,pending,
6ba7b892-9dad-11d1-80b4-00c04fd430c8,pending,
6ba7b893-9dad-11d1-80b4-00c04fd430c8,pending,
6ba7b894-9dad-11d1-80b4-00c04fd430c8,pending,
6ba7b895-9dad-11d1-80b4-00c04fd430c8,pending,
6ba7b896-9dad-11d1-80b4-00c04fd430c8,pending,
6ba7b897-9dad-11d1-80b4-00c04fd430c8,pending,
6ba7b898-9dad-11d1-80b4-00c04fd430c8,pending,
6ba7b899-9dad-11d1-80b4-00c04fd430c8,pending,
6ba7b89a-9dad-11d1-80b4-00c04fd430c8,pending,
6ba7b89b-9dad-11d1-80b4-00c04fd430c8,pending,
6ba7b89c-9dad-11d1-80b4-00c04fd430c8,pending,
6ba7b89d-9dad-11d1-80b4-00c04fd430c8,pending,
6ba7b89e-9dad-11d1-80b4-00c04fd430c8,pending,
6ba7b89f-9dad-11d1-80b4-00c04fd430c8,pending,
6ba7b8a0-9dad-11d1-80b4-00c04fd430c8,pending,
6ba7b8a1-9dad-11d1-80b4-00c04fd430c8,pending,
6ba7b8a2-9dad-11d1-80b4-00c04fd430c8,pending,
6ba7b8a3-9dad-11d1-80b4-00c04fd430c8,pending,
6ba7b8a4-9dad-11d1-80b4-00c04fd430c8,pending,
6ba7b8a5-9dad-11d1-80b4-00c04fd430c8,pending,
6ba7b8a6-9dad-11d1-80b4-00c04fd430c8,pending,
6ba7b8a7-9dad-11d1-80b4-00c04fd430c8,pending,
6ba7b8a8-9dad-11d1-80b4-00c04fd430c8,pending,
6ba7b8a9-9dad-11d1-80b4-00c04fd430c8,pending,
6ba7b8aa-9dad-11d1-80b4-00c04fd430c8,pending,
6ba7b8ab-9dad-11d1-80b4-00c04fd430c8,pending,
6ba7b8ac-9dad-11d1-80b4-00c04fd430c8,pending,
6ba7b8ad-9dad-11d1-80b4-00c04fd430c8,pending,
6ba7b8ae-9dad-11d1-80b4-00c04fd430c8,pending,
6ba7b8af-9dad-11d1-80b4-00c04fd430c8,pending,
6ba7b8b0-9dad-11d1-80b4-00c04fd430c8,pending,
6ba7b8b1-9dad-11d1-80b4-00c04fd430c8,pending,
6ba7b8b2-9dad-11d1-80b4-00c04fd430c8,pending,
6ba7b8b3-9dad-11d1-80b4-00c04fd430c8,pending,
6ba7b8b4-9dad-11d1-80b4-00c04fd430c8,pending,
6ba7b8b5-9dad-11d1-80b4-00c04fd430c8,pending,
6ba7b8b6-9dad-11d1-80b4-00c04fd430c8,pending,
6ba7b8b7-9dad-11d1-80b4-00c04fd430c8,pending,
6ba7b8b8-9dad-11d1-80b4-00c04fd430c8,pending,
6ba7b8b9-9dad-11d1-80b4-00c04fd430c8,pending,
6ba7b8ba-9dad-11d1-80b4-00c04fd430c8,pending,
6ba7b8bb-9dad-11d1-80b4-00c04fd430c8,pending,
6ba7b8bc-9dad-11d1-80b4-00c04fd430c8,pending,
6ba7b8bd-9dad-11d1-80b4-00c04fd430c8,pending,
6ba7b8be-9dad-11d1-80b4-00c04fd430c8,pending,
6ba7b8bf-9dad-11d1-80b4-00c04fd430c8,pending,
6ba7b8c0-9dad-11d1-80b4-00c04fd430c8,pending,
6ba7b8c1-9dad-11d1-80b4-00c04fd430c8,pending,
6ba7b8c2-9dad-11d1-80b4-00c04fd430c8,pending,
6ba7b8c3-9dad-11d1-80b4-00c04fd430c8,pending,
6ba7b8c4-9dad-11d1-80b4-00c04fd430c8,pending,
6ba7b8c5-9dad-11d1-80b4-00c04fd430c8,pending,
6ba7b8c6-9dad-11d1-80b4-00c04fd430c8,pending,
6ba7b8c7-9dad-11d1-80b4-00c04fd430c8,pending,
6ba7b8c8-9dad-11d1-80b4-00c04fd430c8,pending,
6ba7b8c9-9dad-11d1-80b4-00c04fd430c8,pending,
6ba7b8ca-9dad-11d1-80b4-00c04fd430c8,pending,
6ba7b8cb-9dad-11d1-80b4-00c04fd430c8,pending,
6ba7b8cc-9dad-11d1-80b4-00c04fd430c8,pending,
6ba7b8cd-9dad-11d1-80b4-00c04fd430c8,pending,
6ba7b8ce-9dad-11d1-80b4-00c04fd430c8,pending,
6ba7b8cf-9dad-11d1-80b4-00c04fd430c8,pending,
6ba7b8d0-9dad-11d1-80b4-00c04fd430c8,pending,
6ba7b8d1-9dad-11d1-80b4-00c04fd430c8,pending,
6ba7b8d2-9dad-11d1-80b4-00c04fd430c8,pending,
6ba7b8d3-9dad-11d1-80b4-00c04fd430c8,pending,
6ba7b8d4-9dad-11d1-80b4-00c04fd430c8,pending,
6ba7b8d5-9dad-11d1-80b4-00c04fd430c8,pending,
6ba7b8d6-9dad-11d1-80b4-00c04fd430c8,pending,
6ba7b8d7-9dad-11d1-80b4-00c04fd430c8,pending,
6ba7b8d8-9dad-11d1-80b4-00c04fd430c8,pending,
6ba7b8d9-9dad-11d1-80b4-00c04fd430c8,pending,
6ba7b8da-9dad-11d1-80b4-00c04fd430c8,pending,
6ba7b8db-9dad-11d1-80b4-00c04fd430c8,pending,
6ba7b8dc-9dad-11d1-80b4-00c04fd430c8,pending,
6ba7b8dd-9dad-11d1-80b4-00c04fd430c8,pending,
6ba7b8de-9dad-11d1-80b4-00c04fd430c8,pending,
6ba7b8df-9dad-11d1-80b4-00c04fd430c8,pending,
6ba7b8e0-9dad-11d1-80b4-00c04fd430c8,pending,
6ba7b8e1-9dad-11d1-80b4-00c04fd430c8,pending,
6ba7b8e2-9dad-11d1-80b4-00c04fd430c8,pending,
6ba7b8e3-9dad-11d1-80b4-00c04fd430c8,pending,
6ba7b8e4-9dad-11d1-80b4-00c04fd430c8,pending,
6ba7b8e5-9dad-11d1-80b4-00c04fd430c8,pending,
6ba7b8e6-9dad-11d1-80b4-00c04fd430c8,pending,
